{
  "description": "",
  "title": "",
  "plural_title": "",
  "definitions": {
    "driverNotes": {
      "type": "object",
      "title": "Notes",
      "required": [
        "_localId"
      ],
      "properties": {
        "Notes": {
          "type": "string",
          "format": "textarea",
          "fieldType": "text",
          "isSearchable": false,
          "propertyOrder": 0
        },
        "_localId": {
          "type": "string",
          "options": {
            "hidden": true
          },
          "pattern": "^[a-fA-F0-9]{8}-[a-fA-F0-9]{4}-[a-fA-F0-9]{4}-[a-fA-F0-9]{4}-[a-fA-F0-9]{12}$"
        }
      },
      "definitions": {},
      "description": "Notes",
      "plural_title": "Notes"
    },
    "driverPhoto": {
      "type": "object",
      "title": "Photo",
      "multiple": true,
      "required": [
        "_localId",
        "Picture"
      ],
      "properties": {
        "Picture": {
          "type": "string",
          "media": {
            "type": "image/jpeg",
            "binaryEncoding": "base64"
          },
          "fieldType": "image",
          "propertyOrder": 0
        },
        "Description": {
          "type": "string",
          "format": "text",
          "fieldType": "text",
          "isSearchable": true,
          "propertyOrder": 1
        },
        "_localId": {
          "type": "string",
          "options": {
            "hidden": true
          },
          "pattern": "^[a-fA-F0-9]{8}-[a-fA-F0-9]{4}-[a-fA-F0-9]{4}-[a-fA-F0-9]{4}-[a-fA-F0-9]{12}$"
        }
      },
      "definitions": {},
      "description": "Pictures of the incident",
      "plural_title": "Photos"
    },
    "driverPerson": {
      "type": "object",
      "title": "Person",
      "multiple": true,
      "required": [
        "_localId"
      ],
      "properties": {
        "Age": {
          "type": "string",
          "format": "number",
          "fieldType": "text",
          "minLength": 1,
          "isSearchable": false,
          "propertyOrder": 7
        },
        "Gender": {
          "enum": [
            "Male",
            "Female",
            "Other"
          ],
          "type": "string",
          "fieldType": "selectlist",
          "displayType": "select",
          "isSearchable": false,
          "propertyOrder": 5
        },
        "Injury": {
          "enum": [
            "Fatal",
            "Serious",
            "Minor",
            "Not Injured"
          ],
          "type": "string",
          "fieldType": "selectlist",
          "displayType": "select",
          "isSearchable": false,
          "propertyOrder": 9
        },
        "Address": {
          "type": "string",
          "format": "text",
          "fieldType": "text",
          "isSearchable": true,
          "propertyOrder": 4
        },
        "Hospital": {
          "type": "string",
          "format": "text",
          "fieldType": "text",
          "isSearchable": true,
          "propertyOrder": 12
        },
        "_localId": {
          "type": "string",
          "options": {
            "hidden": true
          },
          "pattern": "^[a-fA-F0-9]{8}-[a-fA-F0-9]{4}-[a-fA-F0-9]{4}-[a-fA-F0-9]{4}-[a-fA-F0-9]{12}$"
        },
        "Last Name": {
          "type": "string",
          "format": "text",
          "fieldType": "text",
          "isSearchable": true,
          "propertyOrder": 3
        },
        "First Name": {
          "type": "string",
          "format": "text",
          "fieldType": "text",
          "isSearchable": true,
          "propertyOrder": 1
        },
        "Involvement": {
          "enum": [
            "Pedestrian",
            "Witness",
            "Passenger",
            "Driver"
          ],
          "type": "string",
          "fieldType": "selectlist",
          "displayType": "select",
          "isSearchable": false,
          "propertyOrder": 0
        },
        "Middle Name": {
          "type": "string",
          "format": "text",
          "fieldType": "text",
          "isSearchable": true,
          "propertyOrder": 2
        },
        "Driver error": {
          "enum": [
            "Fatigued/asleep",
            "Inattentive",
            "Too fast",
            "Too close",
            "No signal",
            "Bad overtaking",
            "Bad turning",
            "Using cell phone"
          ],
          "type": "string",
          "fieldType": "selectlist",
          "displayType": "select",
          "isSearchable": false,
          "propertyOrder": 8
        },
        "Alcohol/drugs": {
          "enum": [
            "Alcohol suspected",
            "Drugs suspected"
          ],
          "type": "string",
          "fieldType": "selectlist",
          "displayType": "select",
          "isSearchable": false,
          "propertyOrder": 10
        },
        "License Number": {
          "type": "string",
          "format": "text",
          "fieldType": "text",
          "isSearchable": true,
          "propertyOrder": 6
        },
        "Seat belt/helmet": {
          "enum": [
            "Seat belt/helmet worn",
            "Not worn",
            "Not worn correctly"
          ],
          "type": "string",
          "fieldType": "selectlist",
          "displayType": "select",
          "isSearchable": false,
          "propertyOrder": 11
        }
      },
      "definitions": {},
      "description": "A person involved in the incident",
      "plural_title": "People"
    },
    "driverVehicle": {
      "type": "object",
      "title": "Vehicle",
      "multiple": true,
      "required": [
        "_localId"
      ],
      "properties": {
        "Model": {
          "type": "string",
          "format": "text",
          "fieldType": "text",
          "isSearchable": true,
          "propertyOrder": 4
        },
        "Damage": {
          "enum": [
            "None",
            "Front",
            "Rear",
            "Right",
            "Left",
            "Roof",
            "Multiple"
          ],
          "type": "string",
          "fieldType": "selectlist",
          "displayType": "select",
          "isSearchable": false,
          "propertyOrder": 6
        },
        "Defect": {
          "enum": [
            "None",
            "Lights",
            "Brakes",
            "Steering",
            "Tires",
            "Multiple"
          ],
          "type": "string",
          "fieldType": "selectlist",
          "displayType": "select",
          "isSearchable": false,
          "propertyOrder": 7
        },
        "Loading": {
          "enum": [
            "Legal",
            "Overloaded",
            "Unsafe Load",
            "Other (see description)"
          ],
          "type": "string",
          "fieldType": "selectlist",
          "displayType": "select",
          "isSearchable": false,
          "propertyOrder": 8
        },
        "Surface": {
          "enum": [
            "Dry",
            "Wet"
          ],
          "type": "string",
          "fieldType": "selectlist",
          "displayType": "select",
          "isSearchable": false,
          "propertyOrder": 12
        },
        "Maneuver": {
          "enum": [
            "Left Turn",
            "Right turn",
            "\"U\" turn",
            "Cross traffic",
            "Merging",
            "Diverging",
            "Overtaking",
            "Going ahead",
            "Reversing",
            "Sudden start",
            "Sudden stop",
            "Parked off road",
            "Parked on road"
          ],
          "type": "string",
          "fieldType": "selectlist",
          "displayType": "select",
          "isSearchable": false,
          "propertyOrder": 5
        },
        "_localId": {
          "type": "string",
          "options": {
            "hidden": true
          },
          "pattern": "^[a-fA-F0-9]{8}-[a-fA-F0-9]{4}-[a-fA-F0-9]{4}-[a-fA-F0-9]{4}-[a-fA-F0-9]{12}$"
        },
        "Direction": {
          "enum": [
            "To East",
            "To West",
            "To North",
            "To South"
          ],
          "type": "string",
          "fieldType": "selectlist",
          "displayType": "select",
          "isSearchable": true,
          "propertyOrder": 1
        },
        "Plate number": {
          "type": "string",
          "format": "text",
          "fieldType": "text",
          "isSearchable": true,
          "propertyOrder": 3
        },
        "Vehicle type": {
          "enum": [
            "Car",
            "Van",
            "SUV",
            "Bus",
            "Jeepney",
            "Taxi (metered)",
            "Truck (Pick-Up)",
            "Truck (Rigid)",
            "Truck (Articulated)",
            "Truck (Fire)",
            "Truck (Unknown)",
            "Ambulance",
            "Armored Car",
            "Heavy Equipment",
            "Motorcycle",
            "Tricycle",
            "Bicycle",
            "Pedicab",
            "Pedestrian",
            "Push-Cart",
            "Horse-Driven Carriage (Tartanilla)",
            "Animal",
            "Water Vessel",
            "Electric Bike",
            "Others",
            "Habal-habal"
          ],
          "type": "string",
          "fieldType": "selectlist",
          "displayType": "select",
          "isSearchable": true,
          "propertyOrder": 2
        },
        "Engine number": {
          "type": "string",
          "format": "text",
          "fieldType": "text",
          "isSearchable": true,
          "propertyOrder": 10
        },
        "Chassis number": {
          "type": "string",
          "format": "text",
          "fieldType": "text",
          "isSearchable": true,
          "propertyOrder": 11
        },
        "Classification": {
          "enum": [
            "Private",
            "Government",
            "Public / For-Hire",
            "Diplomat"
          ],
          "type": "string",
          "fieldType": "selectlist",
          "displayType": "select",
          "isSearchable": false,
          "propertyOrder": 0
        },
        "Insurance details": {
          "type": "string",
          "format": "text",
          "fieldType": "text",
          "isSearchable": true,
          "propertyOrder": 9
        }
      },
      "definitions": {},
      "description": "A vehicle involved in the incident",
      "plural_title": "Vehicles"
    },
    "driverCrashDiagram": {
      "type": "object",
      "title": "Crash Diagram",
      "required": [
        "_localId"
      ],
      "properties": {
        "Image": {
          "type": "string",
          "media": {
            "type": "image/jpeg",
            "binaryEncoding": "base64"
          },
          "fieldType": "image",
          "propertyOrder": 2
        },
        "_localId": {
          "type": "string",
          "options": {
            "hidden": true
          },
          "pattern": "^[a-fA-F0-9]{8}-[a-fA-F0-9]{4}-[a-fA-F0-9]{4}-[a-fA-F0-9]{4}-[a-fA-F0-9]{12}$"
        },
        "Crash Type": {
          "enum": [
                "Pedestrian on foot",
                "Vehicle from adjacent direction (intersection only)",
                "Vehicle from opposing direction",
                "Vehicle from same direction",
                "Maneuvering",
                "Overtaking",
                "On path",
                "Off path straight",
                "Off path curve",
                "Passenger and miscellaneous"
          ],
          "type": "string",
          "fieldType": "selectlist",
          "displayType": "select",
          "isSearchable": false,
          "propertyOrder": 0
        },
        "Movement Code": {
          "type": "string",
          "format": "text",
          "fieldType": "text",
          "isSearchable": false,
          "propertyOrder": 1
        }
      },
      "definitions": {},
      "description": "Crash Diagrams",
      "plural_title": "Crash Diagrams"
    },
    "driverIncidentDetails": {
      "type": "object",
      "title": "Incident Details",
      "details": true,
      "multiple": false,
      "required": [
        "_localId",
        "Severity",
        "Main Cause"
      ],
      "properties": {
        "Severity": {
          "type": "array",
          "items": {
            "enum": [
              "Fatal",
              "Injury",
              "Property Damage"
            ]
          },
          "fieldType": "selectlist",
          "displayType": "checkbox",
          "uniqueItems": true,
          "isSearchable": true,
          "propertyOrder": 0
        },
        "_localId": {},
        "Main Cause": {
          "enum": [
            "Vehicle defect",
            "Road defect",
            "Human error",
            "Other (see description)"
          ],
          "type": "string",
          "fieldType": "selectlist",
          "displayType": "select",
          "isSearchable": true,
          "propertyOrder": 1
        },
        "Collision Type": {
          "enum": [
            "Head on",
            "Rear End",
            "Right angle",
            "Angle (Other)",
            "Side swipe",
            "Overturned vehicle",
            "Hit object in road",
            "Hit object off road",
            "Hit parked vehicle",
            "Hit pedestrian",
            "Hit animal",
            "Other (see description)"
          ],
          "type": "string",
          "fieldType": "selectlist",
          "displayType": "select",
          "isSearchable": false,
          "propertyOrder": 2
        },
        "Email of Encoder": {
          "type": "string",
          "format": "text",
          "fieldType": "text",
          "isSearchable": true,
          "propertyOrder": 5
        },
        "Reporting Agency": {
          "enum": [
            "PNP",
            "Local Traffic Unit",
            "BGCEA",
            "CCTO",
            "MMDA Metrobase",
            "Dipolog City TMO",
            "Davao City TMO",
            "MMDA Road Safety Unit",
            "Muntinlupa Traffic Management Bureau",
            "Pasig TPMO",
            "Zamboanga Admin Office",
            "LDRRMO - Liloy",
            "Other"
          ],
          "type": "string",
          "fieldType": "selectlist",
          "displayType": "select",
          "isSearchable": true,
          "propertyOrder": 3
        },
        "Location Approximate": {
          "type": "array",
          "items": {
            "enum": [
              "Yes"
            ]
          },
          "fieldType": "selectlist",
          "displayType": "checkbox",
          "uniqueItems": true,
          "isSearchable": false,
          "propertyOrder": 4
        }
      },
      "definitions": {},
      "description": "Details for Incident",
      "plural_title": "Incident Details"
    }
  },
  "$schema": "http://json-schema.org/draft-04/schema#",
  "type": "object",
  "properties": {
    "driverNotes": {
      "$ref": "#/definitions/driverNotes",
      "title": "Notes",
      "options": {
        "collapsed": true
      },
      "plural_title": "Notes",
      "propertyOrder": 5
    },
    "driverPhoto": {
      "type": "array",
      "items": {
        "$ref": "#/definitions/driverPhoto"
      },
      "title": "Photo",
      "options": {
        "collapsed": true
      },
      "plural_title": "Photos",
      "propertyOrder": 4
    },
    "driverPerson": {
      "type": "array",
      "items": {
        "$ref": "#/definitions/driverPerson"
      },
      "title": "Person",
      "options": {
        "collapsed": true
      },
      "plural_title": "People",
      "propertyOrder": 3
    },
    "driverVehicle": {
      "type": "array",
      "items": {
        "$ref": "#/definitions/driverVehicle"
      },
      "title": "Vehicle",
      "options": {
        "collapsed": true
      },
      "plural_title": "Vehicles",
      "propertyOrder": 2
    },
    "driverCrashDiagram": {
      "$ref": "#/definitions/driverCrashDiagram",
      "title": "Crash Diagram",
      "options": {
        "collapsed": true
      },
      "plural_title": "Crash Diagrams",
      "propertyOrder": 1
    },
    "driverIncidentDetails": {
      "$ref": "#/definitions/driverIncidentDetails",
      "options": {
        "collapsed": true
      },
      "plural_title": "Incident Details",
      "propertyOrder": 0
    }
  }
}

