{
  "description": "",
  "title": "",
  "plural_title": "",
  "definitions": {
    "driverInterventionDetails": {
      "type": "object",
      "title": "Intervention Details",
      "details": true,
      "multiple": false,
      "required": [
        "_localId",
        "Type"
      ],
      "properties": {
        "Type": {
          "enum": [
            "TEST CUSTOM INTERVENTION 1",
            "37",
            "3",
            "1",
            "2",
            "4",
            "39",
            "5",
            "35",
            "54",
            "36",
            "40",
            "6",
            "7",
            "10",
            "11",
            "8",
            "9",
            "12",
            "13",
            "55",
            "14",
            "15",
            "16",
            "17",
            "18",
            "19",
            "56",
            "20",
            "21",
            "51",
            "22",
            "23",
            "24",
            "25",
            "26",
            "44",
            "60",
            "28",
            "29",
            "30",
            "48",
            "59",
            "31",
            "32",
            "57",
            "61",
            "27",
            "33",
            "58",
            "34",
            "52",
            "43",
            "53",
            "38",
            "41",
            "45",
            "50",
            "42"
          ],
          "type": "string",
          "fieldType": "selectlist",
          "displayType": "select",
          "isSearchable": false,
          "propertyOrder": 0
        },
        "_localId": {}
      },
      "definitions": {},
      "description": "Details for Intervention",
      "plural_title": "Intervention Details"
    }
  },
  "$schema": "http://json-schema.org/draft-04/schema#",
  "type": "object",
  "properties": {
    "driverInterventionDetails": {
      "$ref": "#/definitions/driverInterventionDetails",
      "options": {
        "collapsed": true
      },
      "propertyOrder": 0
    }
  }
}