{
    "description": "",
    "title": "",
    "plural_title": "",
    "definitions": {
        "Incident Details": {
            "multiple": false,
            "description": "Details for Incident",
            "title": "Incident Details",
            "required": [
                "_localId",
                "Severity"
            ],
            "plural_title": "Incident Details",
            "details": true,
            "definitions": {},
            "type": "object",
            "properties": {
                "Description": {
                    "isSearchable": false,
                    "propertyOrder": 1,
                    "type": "string",
                    "fieldType": "text",
                    "format": "textarea"
                },
                "Severity": {
                    "enum": [
                        "Fatal",
                        "Injury",
                        "Property"
                    ],
                    "displayType": "select",
                    "propertyOrder": 0,
                    "fieldType": "selectlist",
                    "isSearchable": true,
                    "type": "string"
                },
                "_localId": {
                    "pattern": "^[a-fA-F0-9]{8}-[a-fA-F0-9]{4}-[a-fA-F0-9]{4}-[a-fA-F0-9]{4}-[a-fA-F0-9]{12}$",
                    "type": "string",
                    "options": {
                        "hidden": true
                    }
                }
            }
        },
        "Vehicle": {
            "multiple": true,
            "description": "Vehicles for test database",
            "title": "Vehicle",
            "required": [
                "_localId"
            ],
            "plural_title": "Vehicles",
            "definitions": {},
            "type": "object",
            "properties": {
                "Type": {
                    "enum": [
                        "Car",
                        "Motorcycle",
                        "Bus",
                        "Jeepney",
                        "Bicycle",
                        "Pedestrian"
                    ],
                    "displayType": "select",
                    "propertyOrder": 0,
                    "fieldType": "selectlist",
                    "isSearchable": true,
                    "type": "string"
                },
                "_localId": {
                    "pattern": "^[a-fA-F0-9]{8}-[a-fA-F0-9]{4}-[a-fA-F0-9]{4}-[a-fA-F0-9]{4}-[a-fA-F0-9]{12}$",
                    "type": "string",
                    "options": {
                        "hidden": true
                    }
                }
            }
        }
    },
    "$schema": "http://json-schema.org/draft-04/schema#",
    "type": "object",
    "properties": {
        "Incident Details": {
            "$ref": "#/definitions/Incident Details"
        },
        "Vehicle": {
            "items": {
                "$ref": "#/definitions/Vehicle"
            },
            "type": "array"
        }
    }
}
