{
    "results": [
        {
            "geom": {
                "type": "Polygon",
                "coordinates": [
                    [
                        [
                            121.03906079359672,
                            14.607010196286817
                        ],
                        [
                            121.05784779483763,
                            14.592847026911482
                        ],
                        [
                            121.05838000450451,
                            14.594598159070248
                        ],
                        [
                            121.03996555003042,
                            14.607731205965093
                        ],
                        [
                            121.03906079359672,
                            14.607010196286817
                        ]
                    ]
                ]
            },
            "severity_score": 0.1,
            "num_records": 100,
            "num_severe": 1
        },
        {
            "geom": {
                "type": "Polygon",
                "coordinates": [
                    [
                        [
                            121.04736326440008,
                            14.626682612038403
                        ],
                        [
                            121.04837446276713,
                            14.627094580967157
                        ],
                        [
                            121.05039685950128,
                            14.622356891617192
                        ],
                        [
                            121.05396266426939,
                            14.624159285482301
                        ],
                        [
                            121.05470775780302,
                            14.622923359854598
                        ],
                        [
                            121.05087584820147,
                            14.621326945623952
                        ],
                        [
                            121.05236603526873,
                            14.618443071148317
                        ],
                        [
                            121.0508226272348,
                            14.617722096613477
                        ],
                        [
                            121.04949210306758,
                            14.620708975709581
                        ],
                        [
                            121.04459577413228,
                            14.618237078665532
                        ],
                        [
                            121.04401034349871,
                            14.619936510871552
                        ],
                        [
                            121.04917277726744,
                            14.622202400026135
                        ],
                        [
                            121.04736326440008,
                            14.626734108196777
                        ],
                        [
                            121.04736326440008,
                            14.626682612038403
                        ]
                    ]
                ]
            },
            "severity_score": 0.2,
            "num_records": 110,
            "num_severe": 2
        },
        {
            "geom": {
                "type": "Polygon",
                "coordinates": [
                    [
                        [
                            121.06487296244046,
                            14.601705552396568
                        ],
                        [
                            121.06838554624187,
                            14.602426579468904
                        ],
                        [
                            121.06944996557563,
                            14.605104659326237
                        ],
                        [
                            121.07062082684276,
                            14.604486643792482
                        ],
                        [
                            121.069556407509,
                            14.602014564288446
                        ],
                        [
                            121.07019505910927,
                            14.598512404092451
                        ],
                        [
                            121.0691306397755,
                            14.59820338728051
                        ],
                        [
                            121.06838554624187,
                            14.60108752731031
                        ],
                        [
                            121.06540517210735,
                            14.600469500487458
                        ],
                        [
                            121.06487296244046,
                            14.601705552396568
                        ]
                    ]
                ]
            },
            "severity_score": 0.3,
            "num_records": 120,
            "num_severe": 4
        },
        {
            "geom": {
                "type": "Polygon",
                "coordinates": [
                    [
                        [
                            121.03549498882862,
                            14.55679121166111
                        ],
                        [
                            121.04337169189844,
                            14.56348773761023
                        ],
                        [
                            121.04464899509898,
                            14.56153031259063
                        ],
                        [
                            121.03624008236227,
                            14.55524583065268
                        ],
                        [
                            121.03549498882862,
                            14.556894236676849
                        ],
                        [
                            121.03549498882862,
                            14.55679121166111
                        ]
                    ]
                ]
            },
            "severity_score": 0.4,
            "num_records": 130,
            "num_severe": 4
        },
        {
            "geom": {
                "type": "Polygon",
                "coordinates": [
                    [
                        [
                            121.07785887831234,
                            14.583679107630964
                        ],
                        [
                            121.08158434598052,
                            14.581309807991172
                        ],
                        [
                            121.08222299758079,
                            14.58244295447723
                        ],
                        [
                            121.07849752991261,
                            14.58450320587858
                        ],
                        [
                            121.07785887831234,
                            14.583782120080572
                        ],
                        [
                            121.07785887831234,
                            14.583782120080572
                        ],
                        [
                            121.07785887831234,
                            14.583679107630964
                        ]
                    ]
                ]
            },
            "severity_score": 0.5,
            "num_records": 140,
            "num_severe": 5
        },
        {
            "geom": {
                "type": "Polygon",
                "coordinates": [
                    [
                        [
                            121.07019505910927,
                            14.64815546192637
                        ],
                        [
                            121.07370764291069,
                            14.649082300200687
                        ],
                        [
                            121.07381408484406,
                            14.652377693434966
                        ],
                        [
                            121.07519782997795,
                            14.652171732809519
                        ],
                        [
                            121.07551715577809,
                            14.642182410164823
                        ],
                        [
                            121.07370764291069,
                            14.642388380175602
                        ],
                        [
                            121.07360120097731,
                            14.647434585003683
                        ],
                        [
                            121.07083371070951,
                            14.646507739762717
                        ],
                        [
                            121.07030150104265,
                            14.64805247965398
                        ],
                        [
                            121.07030150104265,
                            14.64805247965398
                        ],
                        [
                            121.07019505910927,
                            14.64815546192637
                        ]
                    ]
                ]
            },
            "severity_score": 0.6,
            "num_records": 150,
            "num_severe": 6
        },
        {
            "geom": {
                "type": "Polygon",
                "coordinates": [
                    [
                        [
                            121.03017289215981,
                            14.653613453122523
                        ],
                        [
                            121.02687319222515,
                            14.639092836790493
                        ],
                        [
                            121.02517012129113,
                            14.639298809702764
                        ],
                        [
                            121.02868270509255,
                            14.654025371469707
                        ],
                        [
                            121.03017289215981,
                            14.653613453122523
                        ]
                    ]
                ]
            },
            "severity_score": 0.7,
            "num_records": 160,
            "num_severe": 7
        },
        {
            "geom": {
                "type": "Polygon",
                "coordinates": [
                    [
                        [
                            120.9985596379471,
                            14.616434636201827
                        ],
                        [
                            121.00686210875043,
                            14.62385030472752
                        ],
                        [
                            121.00856517968445,
                            14.622408388790062
                        ],
                        [
                            121.00004982501436,
                            14.615610657578957
                        ],
                        [
                            120.9985596379471,
                            14.616640630374695
                        ],
                        [
                            120.9985596379471,
                            14.616434636201827
                        ]
                    ]
                ]
            },
            "severity_score": 0.8,
            "num_records": 170,
            "num_severe": 8
        },
        {
            "geom": {
                "type": "Polygon",
                "coordinates": [
                    [
                        [
                            121.0221897471566,
                            14.685637792659685
                        ],
                        [
                            121.0092038312847,
                            14.670810385168632
                        ],
                        [
                            121.01090690221874,
                            14.668956888574943
                        ],
                        [
                            121.02410570195738,
                            14.683990352578776
                        ],
                        [
                            121.02197686328985,
                            14.685843721796939
                        ],
                        [
                            121.02197686328985,
                            14.685843721796939
                        ],
                        [
                            121.0221897471566,
                            14.685637792659685
                        ]
                    ]
                ]
            },
            "severity_score": 0.9,
            "num_records": 180,
            "num_severe": 9
        },
        {
            "geom": {
                "type": "Polygon",
                "coordinates": [
                    [
                        [
                            121.08754509424959,
                            14.685225933803249
                        ],
                        [
                            121.0790297395795,
                            14.669574722516886
                        ],
                        [
                            121.07668801704521,
                            14.67225198277796
                        ],
                        [
                            121.08520337171531,
                            14.685843721796939
                        ],
                        [
                            121.08754509424959,
                            14.685020004084079
                        ],
                        [
                            121.08754509424959,
                            14.685225933803249
                        ]
                    ]
                ]
            },
            "severity_score": 0.95,
            "num_records": 190,
            "num_severe": 10
        },
        {
            "geom": {
                "type": "Polygon",
                "coordinates": [
                    [
                        [
                            121.03006645022643,
                            14.675547027364974
                        ],
                        [
                            121.03368547596122,
                            14.675752966004021
                        ],
                        [
                            121.03411124369474,
                            14.669780666776647
                        ],
                        [
                            121.0360271984955,
                            14.67101632826566
                        ],
                        [
                            121.03794315329628,
                            14.668133107272883
                        ],
                        [
                            121.03517566302848,
                            14.667309322870612
                        ],
                        [
                            121.03858180489652,
                            14.664014154262613
                        ],
                        [
                            121.03517566302848,
                            14.663396304627481
                        ],
                        [
                            121.03411124369474,
                            14.66648553536829
                        ],
                        [
                            121.02878914702592,
                            14.663602254699567
                        ],
                        [
                            121.02772472769215,
                            14.66627958800834
                        ],
                        [
                            121.03283394049423,
                            14.66833905288905
                        ],
                        [
                            121.03049221795995,
                            14.675547027364974
                        ],
                        [
                            121.03049221795995,
                            14.675547027364974
                        ],
                        [
                            121.03006645022643,
                            14.675547027364974
                        ]
                    ]
                ]
            },
            "severity_score": 0.15,
            "num_records": 50,
            "num_severe": 3
        },
        {
            "geom": {
                "type": "Polygon",
                "coordinates": [
                    [
                        [
                            121.09904082305424,
                            14.621893416517972
                        ],
                        [
                            121.11820037106193,
                            14.625807175498075
                        ],
                        [
                            121.1188390226622,
                            14.621481437830855
                        ],
                        [
                            121.09989235852123,
                            14.61859756538365
                        ],
                        [
                            121.09882793918749,
                            14.622099405571712
                        ],
                        [
                            121.09882793918749,
                            14.622099405571712
                        ],
                        [
                            121.09904082305424,
                            14.621893416517972
                        ]
                    ]
                ]
            },
            "severity_score": 0.25,
            "num_records": 60,
            "num_severe": 4
        },
        {
            "geom": {
                "type": "Polygon",
                "coordinates": [
                    [
                        [
                            121.03474989529501,
                            14.730834582363
                        ],
                        [
                            121.0375173855628,
                            14.732275783778862
                        ],
                        [
                            121.03943334036354,
                            14.728569818024049
                        ],
                        [
                            121.04071064356405,
                            14.724657896919963
                        ],
                        [
                            121.04028487583057,
                            14.723216645133796
                        ],
                        [
                            121.04432966929888,
                            14.724863789254522
                        ],
                        [
                            121.04475543703236,
                            14.721363593124464
                        ],
                        [
                            121.04071064356405,
                            14.720951801650559
                        ],
                        [
                            121.04134929516432,
                            14.717245643396108
                        ],
                        [
                            121.03879468876328,
                            14.71745154272906
                        ],
                        [
                            121.03858180489652,
                            14.720951801650559
                        ],
                        [
                            121.03453701142824,
                            14.720540009399071
                        ],
                        [
                            121.03474989529501,
                            14.724452004390969
                        ],
                        [
                            121.03815603716303,
                            14.723628432330578
                        ],
                        [
                            121.03709161782929,
                            14.72651092093077
                        ],
                        [
                            121.03474989529501,
                            14.73062869566835
                        ],
                        [
                            121.03474989529501,
                            14.73062869566835
                        ],
                        [
                            121.03474989529501,
                            14.730834582363
                        ]
                    ]
                ]
            },
            "severity_score": 0.35,
            "num_records": 70,
            "num_severe": 5
        },
        {
            "geom": {
                "type": "Polygon",
                "coordinates": [
                    [
                        [
                            120.96875589660175,
                            14.660204053741511
                        ],
                        [
                            120.99302465741152,
                            14.659380239507849
                        ],
                        [
                            120.99323754127828,
                            14.655467079586504
                        ],
                        [
                            120.96875589660175,
                            14.656908778216382
                        ],
                        [
                            120.96875589660175,
                            14.660204053741511
                        ]
                    ]
                ]
            },
            "severity_score": 0.45,
            "num_records": 80,
            "num_severe": 6
        },
        {
            "geom": {
                "type": "Polygon",
                "coordinates": [
                    [
                        [
                            120.99664368314632,
                            14.581515835058621
                        ],
                        [
                            121.0047332700829,
                            14.589756759700203
                        ],
                        [
                            121.00856517968445,
                            14.585224289315331
                        ],
                        [
                            120.99834675408033,
                            14.576571132254804
                        ],
                        [
                            120.99536637994578,
                            14.578631438577895
                        ],
                        [
                            120.99706945087982,
                            14.581103780730993
                        ],
                        [
                            120.99706945087982,
                            14.581103780730993
                        ],
                        [
                            120.99664368314632,
                            14.581515835058621
                        ]
                    ]
                ]
            },
            "severity_score": 0.55,
            "num_records": 90,
            "num_severe": 7
        }
    ]
}
